iter	Logloss
0	0.6848346908
1	0.6741016108
2	0.6627819639
3	0.6552254213
4	0.6472393181
5	0.6392715219
6	0.6321165627
7	0.6232561637
8	0.6172657607
9	0.6090219194
